Nome,Latitudine,Longitudine,Categoria
International Grocery,45.4833685,9.2078499,grocery
Mini market,45.47255320000001,9.193795399999999,grocery
MINIMARKET,45.4950238,9.219179,grocery
Supermercato,45.4519961,9.182685099999999,grocery
Articoli Regalo Continental Market Alimentari,45.4828862,9.2030725,grocery
Mini Market,45.4859169,9.219439999999999,grocery
SUNRISE MINI MARKET,45.4910889,9.1523414,grocery
Alimentari Asia,45.4899395,9.2009896,grocery
minimarket l,45.4623004,9.2231681,grocery
FAMIGLIA MINIMARKET,45.4531314,9.1703972,grocery
to.market Milano Gioia Via Lunigiana,45.4914658,9.204746799999999,grocery
SIGIRI GROCERY,45.4931489,9.1913065,grocery
Mini market,45.4565856,9.1994218,grocery
Darsena Minimarket,45.4552619,9.1760778,grocery
Indian Grocery,45.48213579999999,9.2069504,grocery
Mini Market,45.4629009,9.219705099999999,grocery
Mamma Minimarket,45.4528312,9.2007833,grocery
shop si,45.480201,9.1823575,grocery
Flymart affori,45.5108377,9.175632199999999,grocery
Minimarket Grossieh,45.4824992,9.2339641,grocery
Sapori & Dintorni CONAD,45.4857096,9.203367199999999,grocery
SHUNDAR BHAN,45.4768264,9.2047806,grocery
Global Supermarket,45.4904197,9.222095399999999,grocery
Aadiv Minimarket Grosari Indiano,45.4850621,9.208838100000001,grocery
Sri lankan Grocery shop (negozio),45.4904371,9.1512029,grocery
Grocery Store,45.4479615,9.126961399999999,grocery
L‚ÄôEMPORIO di FATEMA BEGUM,45.5147152,9.1908836,grocery
Darsena Mexican abarrote,45.4529796,9.179463199999999,grocery
Surjamukhi International Grocery,45.5044967,9.1760602,grocery
Pag Asa Int L Grocery,45.4688046,9.132648399999999,grocery
Alimentari_Mohammad Alamgir hossain,45.4611501,9.1494617,grocery
Esselunga,45.44300800000001,9.1976075,grocery
Esselunga,45.4728861,9.206877000000002,grocery
Kalinka Russian Grocery Store,45.480737,9.2060467,grocery
Kai Foodstore,45.48717569999999,9.2031565,grocery
U2 Supermarket,45.4847484,9.2282688,grocery
Mini Market,45.4561354,9.1838492,grocery
MINIMARKET,45.5321228,9.2359695,grocery
Friday Street Market,45.46949799999999,9.228317299999999,grocery
Mini Market Di Miah,45.46265289999999,9.1389979,grocery
Mini Market,45.5026446,9.2474925,grocery
Munshee Minimarket,45.44764259999999,9.1766986,grocery
il frutteto,45.4744258,9.187185,grocery
Penny Market Express,45.4821356,9.2025881,grocery
Alimentari & Mini Market,45.4647685,9.091793599999999,grocery
Supermercato,45.4519961,9.182685099999999,supermarket
Carrefour Express Supermarket,45.4622537,9.1942992,supermarket
negozio di alimentari,45.4882528,9.2032935,supermarket
Carrefour Market - Supermarket,45.4880045,9.1662017,supermarket
Carrefour Express,45.4811138,9.173754599999999,supermarket
Mini supermarket,45.4805249,9.2129856,supermarket
Carrefour Express - Supermarket,45.4796861,9.2017078,supermarket
Carrefour Express - Supermarket,45.4528834,9.1895817,supermarket
Index Minimarket,45.5005679,9.1672409,supermarket
Sapori & Dintorni CONAD,45.4857096,9.203367199999999,supermarket
milano,45.46127,9.1493897,supermarket
Spesa Express Supermarket,45.4491158,9.1771367,supermarket
Mini Market,45.4859169,9.219439999999999,supermarket
spesa tutto minimarket,45.5013247,9.1972136,supermarket
alimentari,45.4878922,9.2039632,supermarket
Carrefour Express,45.4828324,9.2068661,supermarket
Carrefour Market - Supermarket,45.471826,9.1676325,supermarket
Mini market,45.4565856,9.1994218,supermarket
Supermercato Carrefour Express,45.4593114,9.188189,supermarket
Carrefour Express,45.46770160000001,9.1758504,supermarket
Porta Romana Open Air Market Via VASARI,45.4527997,9.2060059,supermarket
Carrefour Market - Supermarket,45.4981016,9.172618500000002,supermarket
Carrefour Market,45.48039139999999,9.193009199999999,supermarket
Supermercato Carrefour Express,45.4571406,9.189881399999999,supermarket
Carrefour Express,45.4768817,9.189366399999999,supermarket
Supermercato Carrefour,45.458223,9.187858000000002,supermarket
Carrefour Market - Supermarket,45.474681,9.217428,supermarket
Carrefour Express - Supermarket,45.48711549999999,9.2263047,supermarket
MINIMARKET,45.4950238,9.219179,supermarket
Mini market,45.47255320000001,9.193795399999999,supermarket
Supermercato Carrefour Express,45.4841229,9.1875352,supermarket
Supermercato Carrefour Express,45.4857356,9.210920999999999,supermarket
Mini Market Buenos Aires,45.4792271,9.211045499999999,supermarket
M STORE,45.48331990000001,9.2051844,supermarket
The King's Italian Bakery,45.4780749,9.2034666,bakery
Italian Bakery,45.47679,9.2095406,bakery
Sayedein Bakery,45.457548,9.206695,bakery
Bakery 59 Milano,45.4795576,9.1726099,bakery
Bakery Pastry Di Lorenzo Vailati Vailati,45.4808667,9.2091428,bakery
Panetteria Mercato,45.4713161,9.1844377,bakery
Peter Pan Bakery Milano,45.4529311,9.172769299999999,bakery
Italian Bakery Gae Aulenti,45.4838432,9.1890204,bakery
Rombon Bakery,45.4863244,9.239821,bakery
The Bread Bin,45.45804589999999,9.1720711,bakery
Panificio Bread.Bakery.Coffee - 1958,45.4551871,9.2165934,bakery
Bakery Caf√®,45.5502309,9.1973146,bakery
Bakery - Pastry Giordano Alfredo Riccardo,45.4718705,9.203582899999999,bakery
Amore Sicilian Bakery,45.471695,9.1670135,bakery
Smile bakery,45.5269883,9.1650192,bakery
Fidel's Bakery,45.490569,9.221133199999999,bakery
The Bakery Milano,45.4397414,9.2233363,bakery
Sophia Bakery,45.4580756,9.170279400000002,bakery
Santa Marina Bakery,45.4942563,9.1853468,bakery
Family Bakery Pietro&Milena,45.4987095,9.184134,bakery
My Dessert,45.4660939,9.195467299999999,bakery
NATURAL BAKERY PANETTERIE DAMIANI VIA MOLINO DELLE ARMI 31 MILANO,45.45677269999999,9.1831399,bakery
Emme Emme Bakery & Food,45.4724568,9.3063446,bakery
Rho Bakery,45.5290223,9.0429775,bakery
Leos Bakery,45.4554999,9.196956000000002,bakery
Bakery Feltre snc,45.48926729999999,9.243264,bakery
DeliBakery,45.4944392,9.1959377,bakery
Il Piccolo Forno Baker's Tinapayan,45.507935,9.2019237,bakery
Bar Pasticceria Rovida,45.4835001,9.207981799999999,bakery
Vanilla Bakery,45.4692441,9.154729399999999,bakery
Panificio Martina Bakery & Coffee,45.4807463,9.169354499999999,bakery
Maccelleria (ÿ¨ÿ≤ÿß€åÿ± ÿßŸÑÿßÿ≥ŸÑÿßŸÖ€å),45.4886992,9.226111399999999,butcher
ÿ¨ÿ≤ÿßÿ±Ÿá ÿßŸÑŸÜÿ¨ŸÖŸá ÿßŸÑÿ•ÿ≥ŸÑÿßŸÖŸäŸá,45.4331407,9.177968,butcher
Macelleria casati sas,45.4787136,9.2034579,butcher
Macelleria Fratelli,45.495408,9.1433962,butcher
ÿ¨ÿ≤ÿßÿ±ÿ© ÿßŸäŸÖÿßŸÜ ÿßŸÑÿßÿ≥ŸÑÿßŸÖŸäŸá,45.45163429999999,9.224385999999999,butcher
Macelleria,45.444483,9.1792754,butcher
Macelleria Salumeria,45.4786668,9.2035585,butcher
Minimarket Macelleria,45.480735,9.176644099999999,butcher
Macelleria & Mini Market,45.4369449,9.158006199999999,butcher
Macelleria El Rays,45.5495206,9.235409899999999,butcher
Macelleria E Minimarket,45.4984568,9.1842946,butcher
Macelleria,45.5016917,9.221096,butcher
Macelleria Suman,45.4726382,9.1325935,butcher
La Machelleria,45.5020306,9.1641987,butcher
Bove's Shop,45.4561404,9.1741312,butcher
Macelleria-Carne Nazionale HALAL,45.4929268,9.2184727,butcher
Casa della Fassona bistrot,45.4489367,9.1782264,butcher
Macelleria Bottini,45.47057789999999,9.2289084,butcher
Bottega Della Carne,45.4589527,9.1601553,butcher
Macelleria El-Mulk Lillah,45.47355599999999,9.1409428,butcher
La Bottega Delle Carni,45.4920346,9.2160452,butcher
Macelleria el Mulkliliah,45.4998252,9.183402,butcher
bill bixby,45.4839437,9.2061564,butcher
Mistermeat S.R.L.,45.4589123,9.1321593,butcher
Macelleria Tirana,45.4447238,9.1285074,butcher
Macelleria Pinnelli via San Gregorio,45.4781375,9.207557699999999,butcher
Pellegrini Horse Butcher Shop,45.4753538,9.206451099999999,butcher
Consonni Giancarlo,45.4819298,9.167677699999999,butcher
Macelleria Leoni,45.4760025,9.2145735,butcher
Carne E Pesce Alla Brace,45.4707631,9.2223741,butcher
Macelleria Polleria,45.52181789999999,9.1171469,butcher
Macelleria El Eman,45.4507374,9.1482096,butcher
Macelleria Reboli,45.460295,9.1890509,butcher
ÿ¨ÿ≤ÿßÿ±ÿ© ÿßÿ≥ŸÉŸÜÿØÿ±ŸäŸá,45.490561,9.2211225,butcher
Madonnamagnaspinaci,45.4683565,9.1951743,butcher
Macelleria Illemby,45.4887088,9.2260449,butcher
Macelleria,45.46585890000001,9.1619572,butcher
Macelleria Polleria Marrakech,45.4972343,9.2312092,butcher
Macelleria Felice,45.4819239,9.1762802,butcher
Macellera Carne Halal,45.4307413,9.2463024,butcher
Macelleria Garibaldi,45.4725614,9.183627,butcher
Grassfed macelleria italiana,45.4309245,9.1641558,butcher
Macelleria Islamica Alae di Sofi Mariam,45.4943783,9.148380399999999,butcher
The Lounge Bar,45.4786802,9.199333099999999,bar
Bar ile,45.4685858,9.2330436,bar
Junction Bar & Sound,45.4977296,9.18413,bar
Base cocktail bar,45.4523209,9.164190699999999,bar
The Doping Bar,45.4531584,9.179171199999999,bar
Kilburn Cocktail Bar Milano,45.4768568,9.2030387,bar
Bar Magenta,45.46571429999999,9.1756493,bar
Bar,45.4700929,9.1930038,bar
BarZ8,45.49011429999999,9.183543,bar
backy bar,45.4879167,9.1625008,bar
Nouveau bar moderne,45.476861,9.1958573,bar
Bar Basso,45.4768564,9.2175937,bar
Principe Bar,45.480078,9.1967531,bar
Martin's Bar,45.4867332,9.201635099999999,bar
Bar Cosmo,45.4875661,9.1874308,bar
Bar Porta Romana,45.4514819,9.2045249,bar
Bar Condor,45.477014,9.1921605,bar
Nouveau bar moderne,45.4686105,9.194406299999999,bar
Rufus Cocktail Bar,45.4679738,9.1643106,bar
Bar 089,45.4337281,9.1851486,bar
Drink Bar,45.4838648,9.1870175,bar
Bar C&G Drink,45.4909098,9.207389,bar
Bar Brera,45.4723727,9.1874637,bar
Bar BAH,45.4890617,9.1871228,bar
Bar,45.4971493,9.1862788,bar
Moscow Mule Bar Milano,45.4868453,9.2301097,bar
L'Altro Bar,45.4779863,9.161424199999999,bar
Elita BAR,45.4520697,9.1736054,bar
Bar Happy,45.4261417,9.2514338,bar
drinc. Cocktail & Conversation,45.47743879999999,9.2156205,bar
UGO Cocktail Bar - Bistrot,45.4518146,9.173601399999999,bar
Orange Spritz bar,45.4756066,9.204683,bar
Broletto Cafe',45.4676719,9.1855584,cafe
GRAMM Cafe,45.45117270000001,9.172846300000002,cafe
Crazy Cat Caf√©,45.4809439,9.2034378,cafe
Cafe 43,45.4909869,9.2179536,cafe
CAFE' CLAN,45.47142059999999,9.183845999999999,cafe
Central Cafe,45.4819199,9.1998286,cafe
Vintage Caf√©,45.465811,9.1516994,cafe
EMPIRE CAFE',45.4887869,9.2111073,cafe
Vigentina Cafe,45.4556292,9.1955238,cafe
Cafe' Al Posto Giusto,45.4882891,9.2100479,cafe
Art Rock Cafe,45.4489645,9.202275499999999,cafe
cafe,45.4551996,9.2171922,cafe
Stendhal Cafe,45.45245120000001,9.1597992,cafe
Caf√© Trussardi by Giancarlo Perbellini,45.4669538,9.1890925,cafe
Prince cafe‚Äô e bistro‚Äô,45.48199349999999,9.2130368,cafe
Duomo Cafe',45.4635472,9.1901383,cafe
My Home Caf√©,45.4528015,9.200889799999999,cafe
Mugs & co. Cozy cafe and Bakery,45.46153839999999,9.2111407,cafe
Cavallo cafe shish,45.4874089,9.2200755,cafe
Garden Cafe',45.4579273,9.2175964,cafe
Self bar,45.4776631,9.1768096,cafe
Caff√® Vergnano 1882,45.4628781,9.187949999999999,cafe
Giornali Con Caffe,45.4615666,9.185123899999999,cafe
Caff√® S√¨,45.4705675,9.200705899999999,cafe
cafe,45.4572961,9.1992576,cafe
S Caff√©,45.46074549999999,9.1874415,cafe
Caff√® Vergnano 1882,45.480546,9.188106699999999,cafe
Mediolan City,45.4839588,9.2061201,cafe
Caffettino,45.470848,9.2010988,cafe
Fotocafe',45.5192871,9.1454496,cafe
Via siusi,45.4930083,9.2344067,cafe
Caff√® Napoli,45.4592967,9.181003,cafe
Pierre Caf√©,45.46667859999999,9.1861684,cafe
Giorgi's Bar Caf√©,45.4629852,9.1858857,cafe
NOWHERE - Coffee & Community,45.4598911,9.176891099999999,cafe
Pause,45.4804756,9.2122393,cafe
Loste Caf√©,45.4670767,9.2087934,cafe
Vargros Varesi Di Giuseppe E C. (S.A.S.),45.4428612,9.2067109,alcohol
Deposito Generi di Monopolio,45.5118201,9.2017084,alcohol
Vini & Sapori Enoteca,45.4810623,9.2089843,alcohol
Winelivery,45.4614547,9.189125800000001,alcohol
The Winery 2 Aaron Brussolo,45.4776771,9.1990578,alcohol
Le Due Corone,45.5079514,9.125708099999999,alcohol
Vini Olii Liquori,45.4755292,9.1482858,alcohol
Libreria dell‚ÄôArcivescovado,45.4633776,9.1935161,alcohol
Wineoclock S. R. L.,45.4832799,9.209959099999999,alcohol
Royal Products Line,45.4542357,9.153499499999999,alcohol
Milano Spirits srls,45.5052769,9.2360372,alcohol
Moscow Mule Bar Milano,45.4868453,9.2301097,alcohol
Dal 1939 Enoteca Liquoreria VINICOLA ROTONDI. Vendita vini e distillati. Liquor store a Milano,45.4887423,9.190658599999999,alcohol
Jam Bistr√≤ Bacco & Tabacco,45.50785579999999,9.198449799999999,alcohol
Lidl,45.50315519999999,9.324149799999999,alcohol
Call Me Wine,45.5044466,9.1241735,alcohol
Fwi Group S.r.l.,45.4563704,9.1833948,alcohol
Bibite E Liquori Il Magazzino,45.48405959999999,9.146472800000002,alcohol
Minimarket Di Romano Emanuela,45.4528667,9.1895793,alcohol
Carrefour Market Milan Via Carlo Farini Store,45.4955246,9.1850147,alcohol
Supermercato Carrefour,45.458223,9.187858000000002,alcohol
Carrefour Market,45.5427182,9.1895968,alcohol
Carrefour Market - Supermarket,45.4880045,9.1662017,alcohol
Carrefour Express,45.4738033,9.186799299999999,alcohol
Carrefour Market Bar - City Life,45.4784063,9.1579883,alcohol
Carrefour Express,45.5052566,9.265068699999999,alcohol
Campari Sede storica Museo,45.5390886,9.235165499999999,alcohol
Orbis Cocktails,45.4679438,9.195699099999999,alcohol
Drogheria J&B scotch,45.465861,9.1758776,alcohol
Carrefour Express,45.4731665,9.183971,alcohol
Carrefour Market - Supermarket,45.4599696,9.101504499999999,alcohol
Carrefour Market,45.45214900000001,9.2182636,alcohol
Carrefour Market - SEA Services Srl,45.4611562,9.2790471,alcohol
Carrefour,45.4783957,9.1581537,alcohol
dm Italia,45.5367952,9.019416099999999,alcohol
FUNKY! art cocktails & deep spirits,45.4515671,9.174508399999999,alcohol
Kristall,45.5264927,9.0431186,alcohol
Slowear18 | Mixology Bar,45.4749262,9.1870943,alcohol
Pag Asa Int L Grocery,45.4688046,9.132648399999999,alcohol
Different Loungebar - Food Cocktail Events - Milano,45.4475832,9.1768915,alcohol
Cape Best | Design Sostenibile e Vini Sudafricani,45.4749112,9.1839319,alcohol
El Fazairy Emad,45.48184939999999,9.2323109,alcohol
Bar La Prealpina Edicola,45.5942201,9.0594105,alcohol
SELVATIQ - Bewilder Beverages Srl,45.4656111,9.2040703,beverages
Ventura Primo S.R.L.,45.5796124,9.282467700000002,beverages
Bevy Express,45.4805304,9.30956,beverages
Royal Products Line,45.4542357,9.153499499999999,beverages
Casa dell'acqua,45.496502,9.115796399999999,beverages
Casa dell'acqua,45.46034849999999,9.196907099999999,beverages
Serim Getr√§nke Automat 38363,45.48454599999999,9.187071099999999,beverages
W & D Fruit Company,45.4530856,9.155398,beverages
MisterBarman Beverage Service,45.49744279999999,9.2046277,beverages
EAGLESIDE ITALIA,45.4710642,9.213129,beverages
"Milano Drink Service - Ingrosso e Distribuzione - Specialit√† Calabresi, del Sud ed Italiane",45.5820076,9.1045718,beverages
Sidro & Cider,45.4527303,9.2529723,beverages
Beer-Shop.it,45.4734541,9.2488514,beverages
Radici Natural Wines,45.4567957,9.2079954,beverages
Anima Food and Beverage Market,45.46162959999999,9.1875916,beverages
Casa dell'acqua di Limbiate - Via Turati,45.59167859999999,9.1392363,beverages
VINOdiVINO,45.5517966,9.1522764,beverages
WAMI - Water with a Mission,45.455682,9.205165,beverages
Tfermento - Il tuo Wine Team,45.47329999999999,9.15372,beverages
DS&R,45.5814212,9.2370956,beverages
GreenUs,45.417322,9.179192,beverages
Vendita Distillati - CQ Trading SRL,45.4284291,9.3073935,beverages
PepsiCo Beverages Italia,45.4095686,9.1505492,beverages
Riqua,45.3975504,9.249225,beverages
DiVinomente - Vini di alta qualit√† al miglior prezzo,45.509997,9.2447434,beverages
WORLD FOOD,45.508215,9.338023,beverages
Zucchetti Bevande,45.51121930000001,9.0881518,beverages
Vino sfuso e in bottiglia,45.4631578,9.131909799999999,beverages
S.G.L. Drink Shop,45.48409950000001,9.0527537,beverages
Rimatika Srl,45.4530306,9.193799,beverages
Distribuzione Bevande G.R.A.,45.42746289999999,9.1913375,beverages
Roybeer Shop,45.47540739999999,9.220784700000001,brewing_supplies
Agnello Carni Ovine E Suine,45.4598285,9.180402899999999,butcher
Mozzarella Center - Artisan Cheese - Cheese shop,45.4447854,9.2118139,cheese
La Baita del Formaggio Snc,45.4812754,9.1735682,cheese
Elleesse Formaggi Di Lettieri Stefano,45.4678177,9.156361000000002,cheese
La Formaggeria Poli,45.4683847,9.1555973,cheese
Caseificio La Contadina,45.4871722,9.2132831,cheese
Masseria Lupata,45.4768152,9.216700399999999,cheese
"Centro della Mozzarella, Vigentina",45.455594,9.195539199999999,cheese
Centro della Mozzarella,45.482668,9.229773699999999,cheese
Centro della Mozzarella,45.46752,9.138916,cheese
Centro della Mozzarella,45.45686269999999,9.1688583,cheese
La Grotta dei Formaggi,45.4789487,9.1749017,cheese
Nicoletta srl - Prodotti caseari,45.4777677,9.1770748,cheese
Centro della Mozzarella Via Plinio,45.4793623,9.212513,cheese
Caseificio La Contadina,45.4634955,9.152016999999999,cheese
Casa Del Formaggio,45.5830937,9.2742548,cheese
Say CHEESE Bistrot,45.4634621,9.228049,cheese
Bufalapi√π,45.45772789999999,9.2126629,cheese
Bufalapi√π,45.4784134,9.2149682,cheese
Alla Fattoria,45.467447,9.1577714,cheese
La Contadina,45.5755759,9.2698662,cheese
Centro della Mozzarella Forze Armate,45.4602447,9.0978146,cheese
Il formaggiaio,45.4604487,9.095208699999999,cheese
Centro della Mozzarella,45.4299056,9.2035748,cheese
La Contadina Milano,45.4862214,9.159398099999999,cheese
Formaggi e Salumi,45.4812547,9.1736133,cheese
Miracolo a Milano,45.4550797,9.1580659,cheese
Neuhaus Maitre Chocolatier,45.4626475,9.1730053,chocolate
Lindt Chocolate Shop Milano Castello,45.4688482,9.182042200000001,chocolate
Venchi Cioccolato e Gelato,45.46523759999999,9.1886659,chocolate
Chocolate Snc Di Bernardo Luana & C.,45.4771281,9.207289600000001,chocolate
"Bottega Garibaldi, Guido Gobino",45.4735544,9.1834841,chocolate
Pepper Chocolate Boutique,45.47298259999999,9.1838436,chocolate
Choccoly,45.4816763,9.1805677,chocolate
Cioccolateria belga Charlotte Dusart,45.47908839999999,9.214564099999999,chocolate
Nexo Chocolate,45.480765,9.2733528,chocolate
"Venchi Cioccolato e Gelato, Milano Corso Buenos Aires",45.4767224,9.2075877,chocolate
Venchi,45.4859886,9.2048424,chocolate
Venchi Gelato and Chocolate,45.4836615,9.1889913,chocolate
Chocolat Milano,45.4676959,9.174184799999999,chocolate
"Venchi Cioccolato e Gelato, Milano Via Dante",45.4662855,9.1846266,chocolate
Barry Callebaut Italia Spa,45.4446821,9.150517599999999,chocolate
Cioccolatitaliani,45.4657546,9.1913315,chocolate
"Venchi Cioccolato e Gelato, Milano City Life",45.4777461,9.1565623,chocolate
Venchi Cioccolato e Gelato - Milano Cadorna,45.467937,9.175419,chocolate
LE PETIT GATEAU S.R.L.,45.4878353,9.2208478,chocolate
Cioccolatitaliani,45.4611622,9.1835155,chocolate
White Chocolate,45.5563612,9.0753636,chocolate
Lindt Chocolate Shop Scalo Milano,45.3605947,9.2163927,chocolate
Let's Chocolate Italia,45.3579526,9.1621098,chocolate
Passion Cocoa,45.54007989999999,9.031132999999999,chocolate
Lindt,45.5640923,9.0502287,chocolate
Caff√® Vergnano 1882,45.4628781,9.187949999999999,coffee
Orsonero Coffee,45.4777466,9.2113014,coffee
NOWHERE - Coffee & Community,45.4598911,9.176891099999999,coffee
Caff√® S√¨,45.4705675,9.200705899999999,coffee
Mediolan City,45.4839588,9.2061201,coffee
Prince Coffee Shop,45.4819948,9.213040600000001,coffee
12oz Coffee Joint,45.4661873,9.1761986,coffee
Self bar,45.4776631,9.1768096,coffee
Caff√® Vergnano 1882,45.480546,9.188106699999999,coffee
Amadeus Coffee & Shop,45.45878279999999,9.1809274,coffee
DZ coffee shop,45.4749694,9.2203203,coffee
Segafredo Caff√® - Coffee Shop SZWW,45.4857054,9.204576699999999,coffee
Ice & Coffee,45.4603889,9.1907274,coffee
Deming coffee shop,45.5234786,9.2124396,coffee
Caff√® Milano,45.4945811,9.219440299999999,coffee
Coffee Break,45.4338684,9.200888299999999,coffee
12oz Coffee Joint,45.4636244,9.18911,coffee
Caff√® Vergnano 1882,45.465095,9.197464499999999,coffee
Moka Coffee,45.45507019999999,9.2159762,coffee
COFFEE TIME,45.4452905,9.2140297,coffee
Caff√® 46,45.4785206,9.192466099999999,coffee
Coffee Bean,45.3979708,9.1467764,coffee
Starbucks Reserve Roastery,45.4649459,9.1861863,coffee
Coffee hour,45.3535266,9.3233277,coffee
Good Morning Caf√®,45.4577186,9.1687756,coffee
Milano Roastery,45.452197,9.2031251,coffee
Torrefazione - Coffee & Wine,45.4551813,9.215945,coffee
Juice Bar,45.48764,9.204673,coffee
Juice Bar - Milano Cadorna,45.468177,9.175718999999999,coffee
Coffee Lab,45.4508516,9.1969788,coffee
Caff√® Pascucci,45.4839885,9.2019523,coffee
Cake Bijou,45.48723589999999,9.2266959,confectionery
Dolceria Zanetti Di Gandolfi Cristina & C. S.N.C.,45.5083698,9.1894457,confectionery
Le Novita Dolciarie Sas,45.4814698,9.180099199999999,confectionery
Sweet Sweet Way Milano,45.4629744,9.187157,confectionery
Macchina di Marco,45.4667318,9.195618099999999,confectionery
Ronchetti Dolciumi,45.443981,9.182497000000001,confectionery
Pasticceria D&D Gelmini srl,45.5497318,9.2109381,confectionery
IDRAULICA RUSSO GIUSEPPE,45.53204969999999,9.1177611,confectionery
Pastry Confectionery Massimo 1970,45.451177,9.1968791,confectionery
American Crunch,45.4754598,9.2078676,confectionery
Hao Li Lai,45.4823682,9.1754722,confectionery
ODStore Bicocca,45.52207569999999,9.2159271,confectionery
Candy Lisa,45.4817431,9.2125069,confectionery
ODStore Building Milano Duomo,45.4634837,9.188310999999999,confectionery
Armani/Dolci Milano Manzoni 31,45.4706851,9.1932072,confectionery
Hiromi Cake - Pasticceria giapponese,45.456637,9.170039,confectionery
ODStore Segrate,45.49248120000001,9.2714459,confectionery
BreraMilano 1930,45.469032,9.1839187,confectionery
L'Oeil et la Bouche,45.5410455,9.1890225,confectionery
Anadolu Tatzilari Dolceria Snc Di Karatut M E Madenkuyu,45.5951301,9.1887823,confectionery
ODStore Garbagnate,45.5629851,9.081090099999999,confectionery
ODStore Buccinasco,45.4155935,9.117353399999999,confectionery
Giovanni Galli,45.4640694,9.187379499999999,confectionery
Xilita,45.3889578,9.169397,confectionery
Danone S.P.A.- Food And Confectionery Industry Products,45.4905985,9.1833656,confectionery
ODStore Rozzano,45.380979,9.170118,confectionery
Delizie Srl,45.3660278,9.2080488,confectionery
LE PETIT GATEAU S.R.L.,45.4878353,9.2208478,confectionery
Dolcezze Siciliane,45.4166923,9.0796027,confectionery
The Sweet Traditions,45.48812299999999,9.2265522,confectionery
Master Dolciaria,45.4316632,9.0454176,confectionery
AmericanWay Sedriano,45.49106099999999,8.9696479,confectionery
Quality Minimarket,45.4539291,9.1688517,convenience
Zam zam minimarket,45.48982789999999,9.2044401,convenience
Milan Mini Market,45.4350207,9.177498199999999,convenience
Aadiv Minimarket di Das Tarak,45.4850657,9.2088644,convenience
Ms Mini Market,45.4913175,9.2128231,convenience
MINI MARKET FARHAN,45.4363831,9.222562,convenience
Marco Minimarket,45.4996365,9.1490653,convenience
KOI Store,45.48152229999999,9.1791549,convenience
City Minimarket,45.4926384,9.2162823,convenience
P&T Express,45.48851810000001,9.2050787,convenience
Minimarket elkods,45.550672,9.236976499999999,convenience
Milano minimarket di malo nepal,45.4594014,9.1773969,convenience
Quotidiana Filzi,45.4819275,9.1985162,convenience
THE CORNER SHOP,45.61158,9.141153899999999,convenience
Munsi Minimarket,45.5018869,9.2101413,convenience
mini market,45.4707656,9.1342316,convenience
Mini market di Nihong,45.4782732,9.1803159,convenience
Sainsbury's,45.5457299,9.3289335,convenience
Minimarket Milano Snc,45.45663099999999,9.1807305,convenience
Melissa Minimarket,45.4528706,9.182877,convenience
Market Lombardia,45.4868709,9.2233321,convenience
S&K MINIMARKET,45.460064,9.0948324,convenience
Mini Market Ornato,45.5202038,9.1917209,convenience
Minimarket e Frutta,45.4822008,9.216761199999999,convenience
Anima Food and Beverage Market,45.46162959999999,9.1875916,convenience
to.market citt√† studi via Amedeo d'Aosta 3 Milano,45.4743196,9.2184435,convenience
Alimentari,45.4669926,9.1291596,convenience
Dhaka Mini Market,45.5393395,9.2283697,convenience
Jaisha Alimentari,45.4964312,9.185701,convenience
Delicatessen,45.47788300000001,9.2045441,deli
Deli Trading Articoli Da Regalo,45.4834715,9.2076171,deli
Latteria&Co,45.45598,9.16917,deli
Delicatessen SRL,45.4510742,9.1798859,deli
Antica Salumeria Laghetto,45.4615951,9.1956683,deli
Falcone Gastronomia Milano,45.4658434,9.1899401,deli
Peck,45.4635131,9.1869525,deli
My Comfort Food,45.4391687,9.2159806,deli
Peck - Porta Venezia,45.4718408,9.2037139,deli
Salsamenteria delle Coppelle Milano,45.47746739999999,9.1880974,deli
DelicatesseStore,45.58410869999999,9.3282254,deli
Gnam Delizie Quotidiane,45.44149040000001,9.2207297,deli
Broccoliamo di Marino Luca,45.4909961,9.2333868,deli
da Mari cucina e bottega,45.45830000000001,9.1617778,deli
Fochi & Tagliavini - Milano,45.4654317,9.198353,deli
Gastronomia e salumeria Civelli,45.45794799999999,9.1875,deli
L‚ÄôAquolina Food&Delivery,45.454861,9.204344599999999,deli
DeliBakery,45.4944392,9.1959377,deli
Da Bellillo Rosticceria Friggitoria del sud,45.5303868,9.234369899999999,deli
√® pronto,45.5820124,9.1401401,deli
Gastronomia Torri & Co.,45.4887238,9.213129,deli
Razdora,45.4533633,9.1960432,deli
PROVA,45.4614888,9.1855032,deli
Ciro Amodio Pane Prosciutto e Mozzarella,45.4639294,9.1869693,deli
Panificio Boscovich,45.48140739999999,9.2049658,deli
Milano Bruschette S.r.l.,45.3970786,9.1671838,deli
Salumeria Cassiodoro sas,45.47533809999999,9.1601498,deli
Historical Rotisserie 35,45.47647,9.2055648,deli
La ciccetteria,45.4511079,9.155844199999999,deli
Rosticceria,45.43674670000001,9.1544019,deli
Fattoria Del Casaro - Tegos Alimentari Srl,45.4368209,9.1550627,deli
Laboratorio Oldani Gastronomia,45.4654543,9.181263399999999,deli
Dairy Summit,45.5103163,9.1371573,dairy
Caseificio Fiordilatte,45.4890214,9.164751299999999,dairy
MOZZARELLINO,45.4375586,9.158741599999999,dairy
Tentazioni Del Latte,45.4533902,9.1494986,dairy
Cascina Rolla,45.55850359999999,9.3255006,dairy
Latteria,45.4422339,9.183276400000002,dairy
Sesto Gusto,45.4930363,9.0732241,dairy
Fresh Fruits Juice Cafe S.a.s,45.5113606,9.0853276,dairy
Centro della Mozzarella di San Donato,45.41687599999999,9.262734,dairy
Formaggi Freschi Nonno Nanni Montello Commerciale,45.3993393,9.1320099,dairy
Mozzarella Center - Artisan Cheese - Cheese shop,45.4447854,9.2118139,dairy
Radici-La bottega del Sud,45.4566746,9.204892899999999,dairy
Vanilla Gelati Italiani,45.4644683,9.1937932,dairy
Starbucks Reserve Roastery,45.4649459,9.1861863,dairy
La Formaggeria Poli,45.4683847,9.1555973,dairy
Pancaff√® Elisabetta‚Äôs Bakery,45.47519579999999,9.1394065,dairy
R.B minimarket,45.4877382,9.1985297,dairy
Mini supermarket,45.4805249,9.2129856,dairy
The Zizzona Battipaglia Point,45.4892149,9.2048141,dairy
Mini Market Silvana,45.5067886,9.2231329,dairy
ideal minimarket,45.4599041,9.1648929,dairy
Porta Romana Open Air Market Via VASARI,45.4527997,9.2060059,dairy
Bangla Mini Market,45.4622718,9.2329974,dairy
Centro della Mozzarella,45.46752,9.138916,dairy
Gusto & Fantasy,45.4286921,9.1018473,dairy
Ciacco,45.463691,9.1868118,dairy
Talia Street Food,45.4564136,9.198539799999999,dairy
Supermarket,45.4502454,9.2131971,dairy
Azienda Agricola ZIPO,45.3648046,9.1119146,dairy
TUDAY CONAD,45.4486642,9.1867457,dairy
Alimentari DADOLA,45.4430912,9.1138851,dairy
Alimentari Pacini srl,45.4836496,9.2336812,dairy
Delicatessen SRL,45.4510742,9.1798859,dairy
Fattoria San Giuda,45.3864691,9.1776217,dairy
Fattoria del Casaro,45.4601671,9.096898699999999,dairy
Fattoria Maccazzola Caseificio,45.48505489999999,9.05015,dairy
SPMO Pasturago,45.35615929999999,9.0247975,dairy
Planet Farms,45.46282890000001,9.1796615,farm
White Farm Srl,45.5007127,9.3371601,farm
centrale.farm,45.470198,9.2532462,farm
I fiori di Hortives,45.5017901,9.1913977,farm
Cascina Castello,45.460246,9.1810595,farm
Antoshka‚Äôs House,45.4436262,9.1918118,farm
Miele di Ulmo,45.5354442,9.2327742,farm
Casa Pietra,45.4600816,9.1713335,farm
Azienda Agricola Annamaria Testa,45.4692364,9.1767972,farm
Azienda Agricola La Farnia Azienda Agricola La Farnia,45.4411741,9.132596099999999,farm
Cascina Gabbana,45.5230395,9.2937178,farm
Api Generose.it,45.51671839999999,9.1869934,farm
Azienda Agricola Apicoltura Veca,45.4640558,9.109107999999999,farm
Roberto Company,45.4830614,9.137573699999999,farm
Pan di Pano,45.491111,9.2228522,farm
Travel,45.4818582,9.187498699999999,farm
L' Officina delle Api,45.4646444,9.213600099999999,farm
Melinda,45.4652216,9.1647298,farm
Flower Farm Arena,45.4780208,9.1773612,farm
Sargentopoli,45.4813823,9.175851,farm
Cascina Papis,45.534244,9.088267799999999,farm
Consorzio Farmacia S.C. R.L.,45.4802712,9.199528299999999,farm
ITACA AGRI,45.5813431,9.1100052,farm
Forestone,45.4636882,9.3170975,farm
Cascina,45.4642208,9.080389199999999,farm
Micro Orti,45.4805882,9.2132645,farm
Cooperativa Agricola Di Balsamo,45.55271949999999,9.2219132,farm
Agricultural Society f.lli Bridges,45.5899094,9.178326600000002,farm
WEED BROTHERS FARM CBD,45.5277956,9.267677599999999,farm
Pollaio di Sala Verdi,45.4646094,9.2045573,farm
Azienda Agricola Campi Carlo,45.4928255,9.1008348,farm
Cascina Formosa,45.540753,9.3700978,farm
Cascina Battivacco,45.43008649999999,9.1434847,farm
Agrivis,45.4151952,9.2140917,farm
Scotti Brothers Farm,45.41207420000001,9.3269071,farm
Az. Agricola Fatti di Natura,45.3917896,9.284448399999999,farm
Il Seme del Cambiamento,45.4290455,9.2079504,farm
Azienda Agricola Wikesh,45.38616469999999,9.3126948,farm
Societ√† Agricola GAB srl,45.4358474,9.33166,farm
Azienda Agricola Ricci,45.4049529,9.1291295,farm
Cascina San Luigi,45.5452328,9.379012999999999,farm
Cascina Nuova,45.5281469,9.3701688,farm
Fattoria agricola,45.3688978,9.151211,farm
Cascina Santa Marta,45.377314,9.1300782,farm
La rampina,45.3685266,9.3157196,farm
Cascina Belpensiero,45.3761271,9.372449399999999,farm
Cascina cascinazza,45.3724565,9.384032,farm
Societ√† Agricola Cascina Santa Marta,45.3772926,9.1300033,farm
Cascina Femegro,45.3563003,9.0925388,farm
Cascina camuzzana,45.3918204,9.1007328,farm
Campi agricoli Locate Triulzi Cascina Morazzano,45.3466835,9.2315541,farm
Azienda Agricola Fedeli e Cornalba,45.3517192,9.2338425,farm
Agricat ssa,45.3214194,9.3652728,farm
Cascina Lassi,45.3353354,9.304304499999999,farm
"Cascina Bissone,Azienda Agricola F.lli Bertolli",45.3236688,9.308100099999999,farm
Azienda Agricola ZIPO,45.3648046,9.1119146,farm
Azienda agricola Arlugo,45.3514862,9.0517909,farm
SPMO Pasturago,45.35615929999999,9.0247975,farm
Fattoria Cuore Contadino,45.5524055,9.0291041,farm
Cascina Fabriziana,45.5218541,9.0206561,farm
Dalle Stelle Alle Stalle,45.5446751,9.0489102,farm
Rugiada,45.4813439,8.9687398,farm
Re Calegari Walter,45.5708997,8.9959633,farm
Cascina San Giovanni,45.5066923,8.989419999999999,farm
Cascina Belgioioso,45.4832295,9.100489699999999,farm
Poggiolo Azienda Agricola Vini Tipici D.O.C.,45.43585720000001,9.1954688,farm
Azienda agricola Castelnovo,45.5950533,9.0608153,farm
Azzurro Food Srl,45.61127279999999,9.1366433,frozen_food
Eur Frozen Fish Srl,45.4839828,9.209581,frozen_food
Taste of sea,45.4370384,9.184995599999999,frozen_food
Eismann S.r.l. - Shuttle Milano,45.46646399999999,9.162471199999999,frozen_food
Folci Prodotti Alimentari (S.A.S.),45.44056459999999,9.226317,frozen_food
Gelmarket,45.4675326,9.2129626,frozen_food
Re Gelo Surgelati,45.5831341,9.228972700000002,frozen_food
Bofrost filiale di Milano,45.4523269,9.2429946,frozen_food
Sapore Di Mare,45.54177199999999,9.1067891,frozen_food
GEA Industrie Alimentari s.r.l.,45.5022031,9.1226927,frozen_food
Ittica Trade S.r.l.,45.4960396,9.3196189,frozen_food
Dessentia srl,45.4487435,9.1078348,frozen_food
Lo Group Srl,45.46821509999999,9.2208024,frozen_food
SAPOREDIMARE Paderno Dugnano,45.57797679999999,9.145574100000001,frozen_food
Gelmarket,45.4568506,9.1684032,frozen_food
Taste of sea,45.57764479999999,9.2840492,frozen_food
G.s.c. srl,45.5030605,9.171119899999999,frozen_food
Iberia S.r.l.,45.4772302,9.1953997,frozen_food
Overtel S.R.L.,45.4523269,9.2429946,frozen_food
Gelmarket,45.4675081,9.1375298,frozen_food
Gelpadana S.R.L.,45.5047974,9.0832854,frozen_food
Fresco Mercato,45.5633998,9.081094199999999,frozen_food
SAPOREDIMARE Rozzano,45.414963,9.1735632,frozen_food
SAPOREDIMARE Buccinasco,45.4163467,9.1167457,frozen_food
Dolciaria Acquaviva - stabilimento di Buccinasco,45.4196941,9.1244835,frozen_food
Commercio prodotti ittici ingrosso,45.3937323,9.151461399999999,frozen_food
SAPOREDIMARE San Giuliano Milanese,45.38480149999999,9.2649247,frozen_food
Aire Italia Di Gaspa Carlo E Ferraro Ambrogio Snc,45.4825996,9.1474076,frozen_food
Bottega marinara Milano,45.4475513,9.1787151,frozen_food
Taste of sea,45.5498208,9.3928475,frozen_food
Gelmarket,45.4879867,9.1605552,frozen_food
Sapore di mare,45.49577540000001,9.300072199999999,frozen_food
Frozen Foods Trade S.r.l.,45.4639049,9.0594684,frozen_food
Ingrosso del gelato.it,45.4231666,9.0581034,frozen_food
Societa' Italiana Creme E Sorbetti Srl,45.490299,8.9988345,frozen_food
Fruttivendolo,45.467507,9.1379656,greengrocer
frutta e verdura,45.4603622,9.1792052,greengrocer
Mr. Fruit,45.4539862,9.218333,greengrocer
fruttivendolo,45.4928991,9.164375399999999,greengrocer
Magna magna,45.4686815,9.229610899999999,greengrocer
Frutta del sud d Italia,45.48618159999999,9.242425500000001,greengrocer
Papi frutta e verdura,45.462758,9.232368899999999,greengrocer
"YAVUZ - Frutta, Verdura e Minimarket",45.5096534,9.132075799999999,greengrocer
negozio frutta,45.4656664,9.1851884,greengrocer
Frutta e verdura da Stefano,45.54354319999999,9.2374675,greengrocer
Frutta e verdura,45.5145051,9.283909699999999,greengrocer
Frutta e verdura Ricchiuti,45.4592388,9.1778726,greengrocer
Fruttivendolo tutto a 0.99‚Ç¨,45.4541764,9.2243415,greengrocer
Siamo tutti al Verde,45.4928517,9.1548933,greengrocer
Mondiale Frutta e Verdura,45.52364559999999,9.1653302,greengrocer
Meloarancio Frutta e Verdura -,45.4603865,9.1362087,greengrocer
Dedortofrutta snc,45.4512459,9.1411163,greengrocer
Consegne frutta e verdura a Milano,45.4574715,9.2487667,greengrocer
Zenzero Drink & Shop - San Felice,45.4731897,9.305485299999999,greengrocer
Fruttivendolo,45.452862,9.178785999999999,greengrocer
Frutteto Amoruso,45.47788,9.2145669,greengrocer
Fruttivendolo,45.43082,9.16433,greengrocer
My frutta,45.4053761,9.357567399999999,greengrocer
Fruttivendolo,45.3753897,9.1405057,greengrocer
B.M.R. Frutta e Verdura,45.4212232,9.0580342,greengrocer
"FRUTTA &VERDURA DI QUALIT√Ä ,Sedriano (mi)",45.4890259,8.9696388,greengrocer
Calabria Frutta,45.5276785,9.1114568,greengrocer
Ortofrutta I 3 Fratelli,45.4310859,9.1777223,greengrocer
Frutta e Verdura Faraone,45.4675111,9.1379626,greengrocer
MERCATI AL HAWARY,45.4513877,9.1358298,greengrocer
Frutteto Mauro e Lino,45.48160740000001,9.2269315,greengrocer
Frutteto Garibaldi - MILANO,45.47298259999999,9.1838436,greengrocer
Frutteto Pacini,45.4821051,9.22834,greengrocer
Il Frutteto di Anna,45.5685264,9.1644081,greengrocer
Frutteto Adda di Rocchi Claudio & C.,45.4830496,9.1985929,greengrocer
Il nuovo frutteto,45.5328003,9.2351266,greengrocer
Il Verzeratt - Dal 1919,45.45901449999999,9.1923403,greengrocer
Food Benefit,45.4622525,9.1895074,health_food
Healthy Color - Moscova,45.4775533,9.185028599999999,health_food
Integra,45.4805545,9.183129899999999,health_food
Pollo81,45.4673636,9.2149359,health_food
OAKBERRY A√áA√ç - Milano,45.4674101,9.1728399,health_food
Zhou Hei Ya,45.4814316,9.1757442,health_food
Natura e Bio,45.4679513,9.148347000000001,health_food
That's Vapore Piazza Vetra,45.4575931,9.1832391,health_food
Radiumfarma Benessere Srl,45.5134625,9.2200847,health_food
Bergamotto,45.4704172,9.1532951,health_food
Vecchio Canapaio Milano Milano,45.4760402,9.2192277,health_food
GrosCom,45.5287067,9.1502083,health_food
Spaccio Agricolo Cascina Nibai,45.5381073,9.3438122,health_food
Il Germoglio Di Buccella Anna,45.4601623,9.182597099999999,health_food
Alternativa Sfusa - La bottega genuina,45.5837735,9.2829074,health_food
S.b.d.srl,45.4707446,9.1898045,health_food
La Coccinella Di Galbiati Massimiliano Franco,45.5494796,9.3463684,health_food
Supermercato Carrefour Express,45.4656094,9.220374099999999,health_food
Supermercato Carrefour Express,45.4770298,9.2011893,health_food
Carrefour Express,45.4909136,9.2198046,health_food
DIETASALUS Distributore Indipendente Herbalife,45.47244389999999,9.2084358,health_food
Viva | BuonoFrescoNaturale - Crocetta,45.4560262,9.1954463,health_food
Carla dall'Omo e Paolo Fratocchi- Distributori Indipendenti Herbalife Nutrition,45.4619611,9.097165799999999,health_food
Biocelia La Boutique dell'Intollerante,45.6209868,9.3147643,health_food
Milano Senza Glutine,45.4161141,9.1159334,health_food
"Dietmed Italia, SRL",45.400457,9.2503871,health_food
Vita a Colori - Distributore Herbalife,45.5537003,9.1409446,health_food
Tentazioni senza glutine,45.3950014,9.15486,health_food
Juice Bar,45.46614,9.191806999999999,health_food
Le Mele & Bi Fresh,45.4497747,9.2053665,health_food
Pepe Verde,45.4388836,9.181998700000001,health_food
Hummus Around - Corso Magenta,45.4659115,9.1767396,health_food
Supermercato Carrefour Express,45.48084850000001,9.2173153,health_food
ICE - Agenzia per la promozione all'estero e l'internazionalizzazione delle imprese italiane,45.4655286,9.172937899999999,ice_cream
Osteria italiana,45.4828937,9.203351999999999,pasta
Pasta d‚ÄôAutore,45.4587585,9.1809426,pasta
restauranti pizza fish pasta,45.4836395,9.2015887,pasta
Pasta √† Gogo,45.48465849999999,9.216728,pasta
√®Pasta the italian food,45.5169163,9.2133975,pasta
Un'Altra Pasta,45.4619362,9.1941008,pasta
Pizza & Pasta,45.4655867,9.1999113,pasta
Galleria Restaurant,45.4660612,9.1899193,pasta
Pasto - Laboratorio di pasta con cucina,45.4626825,9.1843978,pasta
√©Pasta the Italian food,45.4631196,9.176414099999999,pasta
The FisherMan Pasta,45.4727366,9.184035000000002,pasta
ALDENTE Pastabar - Bocconi,45.4515216,9.188408899999999,pasta
Pausa Your Italian Break,45.459293,9.1784488,pasta
ALDENTE Pastabar - Cordusio,45.4673206,9.1858501,pasta
Pasta mi,45.46690299999999,9.1653916,pasta
Mani in Pasta,45.4729298,9.211005199999999,pasta
Osteria della Pasta e Fagioli,45.49195479999999,9.2162387,pasta
Fresca Pasta Club,45.50444599999999,9.2053558,pasta
Mani in Pasta,45.5036798,9.2396897,pasta
Pasta Fresca Da Giovanni,45.44920200000001,9.177581,pasta
Mani in Pasta,45.4790387,9.162856699999999,pasta
Salsamenteria di Parma San Babila,45.4664893,9.195311799999999,pasta
Venice Ristorante Pizzeria,45.4749434,9.2059631,pasta
Pasta & Mi,45.5038406,9.1657798,pasta
Centevot,45.4956766,9.1875349,pasta
Pastamadre,45.451588,9.2051911,pasta
Maruzzella,45.4753104,9.2048747,pasta
Note di Cucina,45.4888702,9.2177659,pasta
Mare in pasta,45.494865,9.1870967,pasta
Bakery Pastry Di Lorenzo Vailati Vailati,45.4808667,9.2091428,pastry
Sweet Island pastry and food,45.4898672,9.189898999999999,pastry
Bakery - Pastry Giordano Alfredo Riccardo,45.4718705,9.203582899999999,pastry
Panarello,45.4628781,9.187949999999999,pastry
Alvin‚Äôs Pastries,45.4951057,9.2070816,pastry
DOLCELINO Pasticceria Milano,45.4590839,9.2111188,pastry
Panificio Col di Lana,45.4522351,9.1826036,pastry
Pastry Luca Milano,45.4565357,9.162294,pastry
The Sweet Traditions,45.48812299999999,9.2265522,pastry
PastiCh√©ri,45.480574,9.171005,pastry
Coffee Pastry Scaringi,45.48142929999999,9.2262798,pastry
Fidel's Bakery,45.490569,9.221133199999999,pastry
The King's Italian Bakery,45.4780749,9.2034666,pastry
Christian Pastries,45.495456,9.2214894,pastry
L.Z. Chinese Pastry Shop,45.4874696,9.218680299999999,pastry
Pica Pasticcerie Milano,45.4804756,9.2122393,pastry
Martesana Pastry Shop,45.4810459,9.1705767,pastry
Pastry caf√© Romeo,45.4622605,9.137573,pastry
The cake corner,45.5165517,9.1774714,pastry
Sp√πn Tiramis√π,45.4637229,9.1872327,pastry
Italian Bakery,45.47679,9.2095406,pastry
Bar Pasticceria Rovida,45.4835001,9.207981799999999,pastry
Vanilla Bakery,45.4692441,9.154729399999999,pastry
Pastry Cafe Torres,45.4967621,9.2305216,pastry
Martesana Pastries,45.4582307,9.1700913,pastry
Sayedein Bakery,45.457548,9.206695,pastry
Pasticceria Martesana,45.4958791,9.203031,pastry
Rinaldini Store Milano,45.4662723,9.188820399999999,pastry
Pasticceria,45.45496540000001,9.1543458,pastry
Panetteria Pasticceria Di Foglic,45.49053869999999,9.1518579,pastry
Pescatore Lobster Bar,45.4494879,9.198254,seafood
Langosteria,45.4556502,9.1685857,seafood
The FisherMan Pasta,45.4727366,9.184035000000002,seafood
Marea Seafood & Beverage,45.4590616,9.1825637,seafood
The Fish Ristopescheria - Milano,45.4666922,9.2100821,seafood
Fishbar De Milan,45.4752981,9.189119,seafood
Esca Fish Restaurant,45.4785378,9.2072875,seafood
Lobster & More Trattoria,45.4755619,9.1840785,seafood
La Taverna Del Pesce Ballerino - Fish Dancer,45.4817141,9.1967973,seafood
Marecrudo,45.4524734,9.2012694,seafood
Pescetto,45.4794791,9.1834747,seafood
Langosteria Bistrot,45.4553894,9.1710514,seafood
Shannara 3,45.4493814,9.1997827,seafood
Trattoria del Pescatore,45.4495211,9.1983629,seafood
L'Officina Del Pesce,45.48001989999999,9.1844301,seafood
Glauco,45.47651399999999,9.216179499999999,seafood
Noi Pesce,45.4842412,9.157126,seafood
Blu Blu Blu,45.4626108,9.2091035,seafood
Zio Pesce,45.457647,9.207844699999999,seafood
Shannara 1,45.4617526,9.235018799999999,seafood
Skuisito Osteria del Pesce,45.4787319,9.2168147,seafood
Seafood Italia,45.36937750000001,9.203954399999999,seafood
La Risacca Blu,45.477249,9.2059128,seafood
Indian Grocery,45.48213579999999,9.2069504,spices
SPICE VILLAGE MILANO HALLAL FOODS,45.4846529,9.2100577,spices
Spice spirit,45.4828482,9.1752013,spices
Indiano & Latino 1 Alimentari,45.4495332,9.1974067,spices
Spicy Land Restaurant,45.5069834,9.3320039,spices
Malabar Spicy Indian Restaurant,45.4707656,9.1342316,spices
Aadiv Minimarket Grosari Indiano,45.4850621,9.208838100000001,spices
ITLANKA Traders.,45.4391636,9.1987396,spices
Tutte le spezie del Mondo,45.4703221,9.153573999999999,spices
Adrita Mini Market,45.4498062,9.220913099999999,spices
Karjana mini market,45.4515998,9.1544624,spices
Minimarket Europa Sudamerica Asia,45.4901571,9.221823299999999,spices
SHUNDAR BHAN,45.4768264,9.2047806,spices
Sri lankan Grocery shop (negozio),45.4904371,9.1512029,spices
T-Bangla Town Alimentary,45.5954767,9.1448431,spices
Himalay Alimentari,45.4995603,9.1510224,spices
PENSA...TE',45.5122318,9.2251447,spices
to.market Milano Gioia Via Lunigiana,45.4914658,9.204746799999999,spices
Kathay ethnic food,45.4934532,9.2281789,spices
Restaurant Ma La Tang North Gate,45.492905,9.2189198,spices
Mercato del gusto - Bottega delle tisane,45.4663239,9.083565,spices
PABNA ALIMENTARI,45.5480083,9.1858314,spices
Ariosto S.P.A.,45.4219162,9.1152936,spices
Bangla Mini Market,45.4622718,9.2329974,spices
Muna Alimentari,45.4912697,9.2189008,spices
Bangladesh Alimentari,45.4836513,9.209888,spices
Dispensa Milano,45.4695604,9.199628599999999,spices
Emporio Brasil,45.49733560000001,9.2202784,spices
SHAH MINI MARKET,45.4280333,9.1031664,spices
International Grocery,45.4833685,9.2078499,spices
Food MARKET,45.5325766,9.2290381,spices
Spice Bistr√≤ & Bar,45.457888,9.1804461,spices
Eastern Leaves,45.46651170000001,9.212961,tea
Ch√† Tea Atelier,45.4564914,9.1766875,tea
Teacup - Tea & Art,45.4604548,9.1766013,tea
PUCAT√à,45.4787918,9.2032692,tea
Frankly,45.4641386,9.1873706,tea
Bubble Tea,45.48970749999999,9.1819174,tea
QQTEA,45.4811083,9.173479,tea
Negozio Navigli,45.45218089999999,9.1760909,tea
LAÔΩ•T√à Ë±°Ëå∂,45.47699859999999,9.201404799999999,tea
Panda Tea,45.4564805,9.1806563,tea
Mistertea Marghera,45.4663669,9.150974099999999,tea
Coll Bubble tea,45.4621432,9.2062374,tea
L' essenza del the (marchio registrato),45.4640582,9.1986247,tea
Frankly,45.4854892,9.203731699999999,tea
La Teiera Eclettica,45.4752778,9.2080556,tea
Hi Tea Ê≤ÅËå∂,45.4820008,9.178894999999999,tea
Frankly,45.4522142,9.1762335,tea
Frankly,45.4842609,9.2144303,tea
Mistertea Garibaldi,45.4800443,9.1862975,tea
1212 Bubble tea,45.4841889,9.2141896,tea
Wineoclock S. R. L.,45.4832799,9.209959099999999,wine
Vini & Sapori Enoteca,45.4810623,9.2089843,wine
Signorvino,45.4646052,9.1929673,wine
We Wine Srl,45.4882331,9.1614662,wine
TOP WINE TOPÂêçÈÖíÂ∫Ñ,45.4796975,9.174253199999999,wine
WineTip,45.4712722,9.149449299999999,wine
EnotecaWine,45.466156,9.18029,wine
TOP WINE ENOTECA,45.481174,9.174757,wine
SENSO,45.4677573,9.1896758,wine
Signorvino,45.4670952,9.1835969,wine
Wine Witness,45.4806612,9.2035733,wine
Vinosfera,45.4773238,9.1725326,wine
Bulk Wine,45.5886238,9.284835,wine
Il Gottino Milano,45.477111,9.204830399999999,wine
The Winery 2 Aaron Brussolo,45.4776771,9.1990578,wine
Winelivery,45.4614547,9.189125800000001,wine
Enoteca Cotti dal 1952,45.478387,9.1884847,wine
Vino al Vino,45.4816667,9.2144444,wine
Bottega Carducci - Enoteca Gourmet,45.4664531,9.176352699999999,wine
Enoteca Guerini,45.4755566,9.1482496,wine
Dal 1939 Enoteca Liquoreria VINICOLA ROTONDI. Vendita vini e distillati. Liquor store a Milano,45.4887423,9.190658599999999,wine
Bottega dell'Arte del Vino,45.4842561,9.1982989,wine
WINEDROPS - Vini di ricerca distribuiti in conto vendita,45.4443782,9.1957258,wine
Ambrosio Wine Distribution,45.5459428,9.2669211,wine
A&Co Enoteca Milano Vini Liquori e Champagnes,45.4675463,9.2139058,wine
Cantina Carducci - Enoteca Wine Bar,45.466421,9.176294,wine
Il Vinaio,45.4483101,9.2049709,wine
La Bottega del Vinaiolo,45.4534612,9.2035322,wine
La Bottega del Vino,45.4570032,9.1753884,wine
Milanovino S.r.l.,45.455561,9.1689932,wine
Vinoir - Vini d'autore e cucina,45.4493617,9.1644554,wine
Cantina Urbana - Rivendita Porta Romana,45.4516114,9.2082777,wine
Richis Waters,45.4721509,9.205848900000001,water
Blue Water Technology Srl,45.5649755,9.2257106,water
Cooperativa Acqua Potabile Di Muggio Srl,45.59240399999999,9.2267269,water
WAMI - Water with a Mission,45.455682,9.205165,water
Drinking water fountain,45.4779096,9.2244514,water
Christ Water Technology Italy Srl,45.4733623,9.1948077,water
Cooperativa Acqua & Salute Scrl,45.5937594,9.2333305,water
Water System Italy Nova Milanese,45.5854729,9.1919921,water
Drinking Water Fountain,45.4926532,9.1853874,water
IWP INTERACQUA,45.5312721,9.2452418,water
Watersystemilano,45.5373501,9.2747783,water
Fontana potabile di Piazza Fontana,45.463559,9.1937294,water
Waters Spa,45.5258285,9.2363626,water
Casa dell'acqua,45.4407662,9.149235000000001,water
acqua.store,45.588339,9.321353499999999,water
Sd Water Management,45.5777566,9.101674599999999,water
Acqua potabile,45.5547142,9.3032745,water
LD WATER & AIR,45.5496302,9.348355699999999,water
Acqua Milano Service,45.5030046,9.1289569,water
AcquaLAROSA DISTRIBUZIONE BEVANDE SRL,45.5375918,9.1672218,water
Casa dell'Acqua di Rho,45.5335389,9.0719993,water
Waters Spa,45.53205579999999,9.245298,water
Hydraqua,45.4791888,9.2016636,water
Casa dell'Acqua di Segrate,45.48179,9.275423,water
Ctida Srl,45.5704431,9.2653058,water
Casa dell'Acqua di Novate Milanese,45.531059,9.133206,water
Water & Food Srl,45.40908169999999,9.1126002,water
Casa dell'Acqua di Vignate,45.49597199999999,9.377487,water
Casa dell'Acqua di Settala,45.453881,9.386904,water
VITTORIA WATER,45.4898132,9.1477453,water
FEEL WATER ITALIA,45.3687333,9.3637815,water
Drinking water,45.49363109999999,9.1223712,water
Casa dell'acqua,45.4660714,9.1542406,water
Casa dell'Acqua di Rozzano,45.378363,9.15965,water
Public Acqua,45.4635509,9.193754,water
Casa dell'acqua - Gramsci,45.4815323,9.169076,water
Casa dell‚Äôacqua - Saccardo,45.4812106,9.241720899999999,water
Casa dell'acqua - Giussani,45.4580413,9.1647914,water
fontanella acqua potabile,45.4436001,9.116767399999999,water
Water-b2b Srl,45.4573161,9.170324299999999,water
fontanella acqua potabile,45.4516025,9.1056014,water
Vedovella,45.4230581,9.179222099999999,water
Vedovella,45.4299633,9.1734147,water
Public Acqua,45.4795257,9.143504799999999,water
Casa dell'Acqua di Segrate,45.4670496,9.2929344,water
Rioca Depurazione Acque Addolcitori Acque,45.3399016,9.1874463,water
Casa dell'Acqua di Segrate,45.487831,9.2943529,water
Casa dell'Acqua di Basiglio,45.35076,9.166674,water
Aquatechnology Srl,45.4368789,9.201107499999999,water
Fontemia,45.5167304,9.295682,water
Casa dell'Acqua di San Donato Milanese,45.402133,9.232769,water
Fontana Comunale,45.4611552,9.1386908,water
Fontana di Acqua Potabile 2,45.449428,9.2265529,water
Casa dell'Acqua di Pero,45.511105,9.078294999999999,water
Casa dell'Acqua di Trezzano sul Naviglio,45.416823,9.075679,water
Sportello Comunale Convenzionato,45.4799938,9.055125499999999,water
Casa dell'Acqua di Opera,45.374782,9.209223,water
Boccioni Acqua Joog,45.5186032,9.0404483,water
Casa dell'Acqua di Gaggiano,45.405485,9.041991,water
Casa dell'acqua - Esquilino,45.4753806,9.1330437,water
Soul food,45.4488402,9.1767938,food
Food on the road,45.500301,9.322910300000002,food
We Love Food,45.52003759999999,9.2227956,food
STREET FOOD GARAGE,45.4815563,9.212307899999999,food
StrEat -Burger Bar & Restaurant,45.4575117,9.161088399999999,food
üçî The Alley - Street Food,45.4549765,9.1990219,food
SPECIAL Hamburger & Italian Fast Food,45.4762043,9.2037586,food
√©Pasta the Italian food,45.4631196,9.176414099999999,food
Taco Bonito Latin Street Food,45.4532333,9.2008852,food
God Save the Food - Duomo,45.46537379999999,9.1921807,food
Milan Food District,45.4519688,9.183339499999999,food
Food Writers,45.466687,9.1288214,food
Fluid Fresh Food,45.47335530000001,9.1955985,food
A Milano Caribbean Food & Drinks,45.4883818,9.1527954,food
Indian Fusion Food,45.47886829999999,9.1818858,food
Marrakech Food,45.4713708,9.136995299999999,food
S. A. S. Food Service Srl,45.4654351,9.195877699999999,food
T & T Sri Lankan Foods,45.496014,9.1862671,food
Ben & Jerry's Food House,45.4507648,9.1917226,food
Ben & Jerry's Food House,45.4799493,9.2008005,food
Bob food and more,45.4170615,9.259232899999999,food
4420 Simple Street Food,45.4292559,9.256648499999999,food
Italian Food,45.5218154,9.2327564,food
tandoori kebab halal food Ristorante,45.4823741,9.2069878,food
KEBAP SHOP,45.48290979999999,9.2059333,food
kabul street food,45.48274929999999,9.2053491,food
Burgez,45.4742151,9.214941099999999,food
HAFIDA fast foods,45.46417839999999,9.219115799999999,food
Street food Betlemme,45.4756478,9.2052214,food
Il limite Schianchi Food Hall,45.45649479999999,9.1873905,food
Sicilian Brera Wine & Food Art Milano,45.470279,9.1866196,food
Merlata Map Food,45.5066526,9.1031029,food
Pizza And Food,45.495251,9.2376864,food
La Cresciamia Street food,45.482291,9.20712,food
God Save The Food,45.4701683,9.185547,food
Just In Food,45.4998449,9.1349933,food
Mandelli Apicoltura E Vivai Piante,45.583,9.3483235,farm
